Symbol,Security,GICS_Sector,GICS_Sub-Industry,Date_added,Founded
MMM,3M,Industrials,Industrial Conglomerates,1957,1902
AOS,A. O. Smith,Industrials,Building Products,2017,1916
ABT,Abbott,Health Care,Health Care Equipment,1957,1888
ABBV,AbbVie,Health Care,Pharmaceuticals,2012,2013
ACN,Accenture,Information Technology,IT Consulting & Other Services,2011,1989
ATVI,Activision Blizzard,Communication Services,Interactive Home Entertainment,2015,2008
ADM,ADM,Consumer Staples,Agricultural Products,1957,1902
ADBE,Adobe Inc.,Information Technology,Application Software,1997,1982
ADP,ADP,Information Technology,Data Processing & Outsourced Services,1981,1949
AAP,Advance Auto Parts,Consumer Discretionary,Automotive Retail,2015,1932
AES,AES Corporation,Utilities,Independent Power Producers & Energy Traders,1998,1981
AFL,Aflac,Financials,Life & Health Insurance,1999,1955
A,Agilent Technologies,Health Care,Health Care Equipment,2000,1999
APD,Air Products and Chemicals,Materials,Industrial Gases,1985,1940
AKAM,Akamai,Information Technology,Internet Services & Infrastructure,2007,1998
ALK,Alaska Air Group,Industrials,Airlines,2016,1985
ALB,Albemarle Corporation,Materials,Specialty Chemicals,2016,1994
ARE,Alexandria Real Estate Equities,Real Estate,Office REITs,2017,1994
ALGN,Align Technology,Health Care,Health Care Supplies,2017,1997
ALLE,Allegion,Industrials,Building Products,2013,1908
LNT,Alliant Energy,Utilities,Electric Utilities,2016,1917
ALL,Allstate,Financials,Property & Casualty Insurance,1995,1931
GOOGL,Alphabet Inc. (Class A),Communication Services,Interactive Media & Services,2014,1998
GOOG,Alphabet Inc. (Class C),Communication Services,Interactive Media & Services,2006,1998
MO,Altria,Consumer Staples,Tobacco,1957,1985
AMZN,Amazon,Consumer Discretionary,Internet & Direct Marketing Retail,2005,1994
AMCR,Amcor,Materials,Paper Packaging,2019,2019
AMD,AMD,Information Technology,Semiconductors,2017,1969
AEE,Ameren,Utilities,Multi-Utilities,1991,1902
AAL,American Airlines Group,Industrials,Airlines,2015,1934
AEP,American Electric Power,Utilities,Electric Utilities,1957,1906
AXP,American Express,Financials,Consumer Finance,1976,1850
AIG,American International Group,Financials,Property & Casualty Insurance,1980,1919
AMT,American Tower,Real Estate,Specialized REITs,2007,1995
AWK,American Water Works,Utilities,Water Utilities,2016,1886
AMP,Ameriprise Financial,Financials,Asset Management & Custody Banks,2005,1894
ABC,AmerisourceBergen,Health Care,Health Care Distributors,2001,1985
AME,Ametek,Industrials,Electrical Components & Equipment,2013,1930
AMGN,Amgen,Health Care,Biotechnology,1992,1980
APH,Amphenol,Information Technology,Electronic Components,2008,1932
ADI,Analog Devices,Information Technology,Semiconductors,1999,1965
ANSS,Ansys,Information Technology,Application Software,2017,1969
AON,Aon,Financials,Insurance Brokers,1996,1919
APA,APA Corporation,Energy,Oil & Gas Exploration & Production,1997,1954
AAPL,Apple Inc.,Information Technology,"Technology Hardware, Storage & Peripherals",1982,1977
AMAT,Applied Materials,Information Technology,Semiconductor Equipment,1995,1967
APTV,Aptiv,Consumer Discretionary,Auto Parts & Equipment,2012,1994
ACGL,Arch Capital Group,Financials,Reinsurance,2022,1995
ANET,Arista Networks,Information Technology,Communications Equipment,2018,2004
AJG,Arthur J. Gallagher & Co.,Financials,Insurance Brokers,2016,1927
AIZ,Assurant,Financials,Multi-line Insurance,2007,1892
T,AT&T,Communication Services,Integrated Telecommunication Services,1983,1983
ATO,Atmos Energy,Utilities,Gas Utilities,2019,1906
ADSK,Autodesk,Information Technology,Application Software,1989,1982
AZO,AutoZone,Consumer Discretionary,Specialty Stores,1997,1979
AVB,AvalonBay Communities,Real Estate,Residential REITs,2007,1978
AVY,Avery Dennison,Materials,Paper Packaging,1987,1990
BKR,Baker Hughes,Energy,Oil & Gas Equipment & Services,2017,2017
BALL,Ball Corporation,Materials,Metal & Glass Containers,1984,1880
BAC,Bank of America,Financials,Diversified Banks,1976,1874
BBWI,"Bath & Body Works, Inc.",Consumer Discretionary,Specialty Stores,1983,1963
BAX,Baxter International,Health Care,Health Care Equipment,1972,1931
BDX,Becton Dickinson,Health Care,Health Care Equipment,1972,1897
WRB,Berkley,Financials,Property & Casualty Insurance,2019,1967
BRK.B,Berkshire Hathaway,Financials,Multi-Sector Holdings,2010,1839
BBY,Best Buy,Consumer Discretionary,Computer & Electronics Retail,1999,1966
BIO,Bio-Rad,Health Care,Life Sciences Tools & Services,2020,1952
TECH,Bio-Techne,Health Care,Life Sciences Tools & Services,2021,1976
BIIB,Biogen,Health Care,Biotechnology,2003,1978
BLK,BlackRock,Financials,Asset Management & Custody Banks,2011,1988
BK,BNY Mellon,Financials,Asset Management & Custody Banks,1995,1784
BA,Boeing,Industrials,Aerospace & Defense,1957,1916
BKNG,Booking Holdings,Consumer Discretionary,Internet & Direct Marketing Retail,2009,1996
BWA,BorgWarner,Consumer Discretionary,Auto Parts & Equipment,2011,1880
BXP,Boston Properties,Real Estate,Office REITs,2006,1970
BSX,Boston Scientific,Health Care,Health Care Equipment,1995,1979
BMY,Bristol Myers Squibb,Health Care,Pharmaceuticals,1957,1887
AVGO,Broadcom Inc.,Information Technology,Semiconductors,2014,1961
BR,Broadridge Financial Solutions,Information Technology,Data Processing & Outsourced Services,2018,1962
BRO,Brown & Brown,Financials,Insurance Brokers,2021,1939
BF.B,Brown–Forman,Consumer Staples,Distillers & Vintners,1982,1870
CHRW,C.H. Robinson,Industrials,Air Freight & Logistics,2007,1905
CDNS,Cadence Design Systems,Information Technology,Application Software,2017,1988
CZR,Caesars Entertainment,Consumer Discretionary,Casinos & Gaming,2021,1973
CPT,Camden Property Trust,Real Estate,Residential REITs,2022,1981
CPB,Campbell Soup Company,Consumer Staples,Packaged Foods & Meats,1957,1869
COF,Capital One,Financials,Consumer Finance,1998,1994
CAH,Cardinal Health,Health Care,Health Care Distributors,1997,1971
KMX,CarMax,Consumer Discretionary,Automotive Retail,2010,1993
CCL,Carnival,Consumer Discretionary,"Hotels, Resorts & Cruise Lines",1998,1972
CARR,Carrier Global,Industrials,Building Products,2020,1915
CTLT,Catalent,Health Care,Pharmaceuticals,2020,2007
CAT,Caterpillar Inc.,Industrials,Construction Machinery & Heavy Trucks,1957,1925
CBOE,Cboe Global Markets,Financials,Financial Exchanges & Data,2017,1973
CBRE,CBRE Group,Real Estate,Real Estate Services,2006,1906
CDW,CDW,Information Technology,Technology Distributors,2019,1984
CE,Celanese,Materials,Specialty Chemicals,2018,1918
CNC,Centene Corporation,Health Care,Managed Health Care,2016,1984
CNP,CenterPoint Energy,Utilities,Multi-Utilities,1985,1882
CDAY,Ceridian,Information Technology,Application Software,2021,1992
CF,CF Industries,Materials,Fertilizers & Agricultural Chemicals,2008,1946
CRL,Charles River Laboratories,Health Care,Life Sciences Tools & Services,2021,1947
SCHW,Charles Schwab Corporation,Financials,Investment Banking & Brokerage,1997,1971
CHTR,Charter Communications,Communication Services,Cable & Satellite,2016,1993
CVX,Chevron Corporation,Energy,Integrated Oil & Gas,1957,1879
CMG,Chipotle Mexican Grill,Consumer Discretionary,Restaurants,2011,1993
CB,Chubb Limited,Financials,Property & Casualty Insurance,2010,1985
CHD,Church & Dwight,Consumer Staples,Household Products,2015,1847
CI,Cigna,Health Care,Managed Health Care,1976,1982
CINF,Cincinnati Financial,Financials,Property & Casualty Insurance,1997,1950
CTAS,Cintas,Industrials,Diversified Support Services,2001,1929
CSCO,Cisco,Information Technology,Communications Equipment,1993,1984
C,Citigroup,Financials,Diversified Banks,1988,1998
CFG,Citizens Financial Group,Financials,Regional Banks,2016,1828
CLX,Clorox,Consumer Staples,Household Products,1969,1913
CME,CME Group,Financials,Financial Exchanges & Data,2006,1848
CMS,CMS Energy,Utilities,Multi-Utilities,1957,1886
KO,Coca-Cola Company (The),Consumer Staples,Soft Drinks,1957,1886
CTSH,Cognizant,Information Technology,IT Consulting & Other Services,2006,1994
CL,Colgate-Palmolive,Consumer Staples,Household Products,1957,1806
CMCSA,Comcast,Communication Services,Cable & Satellite,2002,1963
CMA,Comerica,Financials,Diversified Banks,1995,1849
CAG,Conagra Brands,Consumer Staples,Packaged Foods & Meats,1983,1919
COP,ConocoPhillips,Energy,Oil & Gas Exploration & Production,1957,2002
ED,Consolidated Edison,Utilities,Electric Utilities,1957,1823
STZ,Constellation Brands,Consumer Staples,Distillers & Vintners,2005,1945
CEG,Constellation Energy,Utilities,Multi-Utilities,2022,1999
COO,CooperCompanies,Health Care,Health Care Supplies,2016,1958
CPRT,Copart,Industrials,Diversified Support Services,2018,1982
GLW,Corning Inc.,Information Technology,Electronic Components,1995,1851
CTVA,Corteva,Materials,Fertilizers & Agricultural Chemicals,2019,2019
CSGP,CoStar Group,Industrials,Research & Consulting Services,2022,1987
COST,Costco,Consumer Staples,Hypermarkets & Super Centers,1993,1976
CTRA,Coterra,Energy,Oil & Gas Exploration & Production,2008,1989
CCI,Crown Castle,Real Estate,Specialized REITs,2012,1994
CSX,CSX,Industrials,Railroads,1957,1980
CMI,Cummins,Industrials,Industrial Machinery,1965,1919
CVS,CVS Health,Health Care,Health Care Services,1957,1996
DHI,D.R. Horton,Consumer Discretionary,Homebuilding,2005,1978
DHR,Danaher Corporation,Health Care,Health Care Equipment,1998,1969
DRI,Darden Restaurants,Consumer Discretionary,Restaurants,1995,1938
DVA,DaVita Inc.,Health Care,Health Care Facilities,2008,1979
DE,John Deere,Industrials,Agricultural & Farm Machinery,1957,1837
DAL,Delta Air Lines,Industrials,Airlines,2013,1929
XRAY,Dentsply Sirona,Health Care,Health Care Supplies,2008,1969
DVN,Devon Energy,Energy,Oil & Gas Exploration & Production,2000,1971
DXCM,Dexcom,Health Care,Health Care Equipment,2020,1999
FANG,Diamondback Energy,Energy,Oil & Gas Exploration & Production,2018,2007
DLR,Digital Realty,Real Estate,Specialized REITs,2016,2004
DFS,Discover Financial,Financials,Consumer Finance,2007,1985
DISH,Dish Network,Communication Services,Cable & Satellite,2017,1980
DIS,Disney,Communication Services,Movies & Entertainment,1976,1923
DG,Dollar General,Consumer Discretionary,General Merchandise Stores,2012,1939
DLTR,Dollar Tree,Consumer Discretionary,General Merchandise Stores,2011,1986
D,Dominion Energy,Utilities,Electric Utilities,1957,1983
DPZ,Domino's,Consumer Discretionary,Restaurants,2020,1960
DOV,Dover Corporation,Industrials,Industrial Machinery,1985,1955
DOW,Dow Inc.,Materials,Commodity Chemicals,2019,2019
DTE,DTE Energy,Utilities,Multi-Utilities,1957,1995
DUK,Duke Energy,Utilities,Electric Utilities,1976,1904
DD,DuPont,Materials,Specialty Chemicals,2019,2017
DXC,DXC Technology,Information Technology,IT Consulting & Other Services,2017,2017
EMN,Eastman Chemical Company,Materials,Diversified Chemicals,1994,1920
ETN,Eaton Corporation,Industrials,Electrical Components & Equipment,1957,1911
EBAY,eBay,Consumer Discretionary,Internet & Direct Marketing Retail,2002,1995
ECL,Ecolab,Materials,Specialty Chemicals,1989,1923
EIX,Edison International,Utilities,Electric Utilities,1957,1886
EW,Edwards Lifesciences,Health Care,Health Care Equipment,2011,1958
EA,Electronic Arts,Communication Services,Interactive Home Entertainment,2002,1982
ELV,Elevance Health,Health Care,Managed Health Care,2002,1946
LLY,Eli Lilly and Company,Health Care,Pharmaceuticals,1970,1876
EMR,Emerson Electric,Industrials,Electrical Components & Equipment,1965,1890
ENPH,Enphase,Information Technology,Electronic Components,2021,2006
ETR,Entergy,Utilities,Electric Utilities,1957,1913
EOG,EOG Resources,Energy,Oil & Gas Exploration & Production,2000,1999
EPAM,EPAM Systems,Information Technology,IT Consulting & Other Services,2021,1993
EQT,EQT,Energy,Oil & Gas Exploration & Production,2022,1888
EFX,Equifax,Industrials,Research & Consulting Services,1997,1899
EQIX,Equinix,Real Estate,Specialized REITs,2015,1998
EQR,Equity Residential,Real Estate,Residential REITs,2001,1969
ESS,Essex Property Trust,Real Estate,Residential REITs,2014,1971
EL,Estée Lauder Companies (The),Consumer Staples,Personal Products,2006,1946
ETSY,Etsy,Consumer Discretionary,Internet & Direct Marketing Retail,2020,2005
RE,Everest Re,Financials,Reinsurance,2017,1973
EVRG,Evergy,Utilities,Electric Utilities,2018,1909
ES,Eversource,Utilities,Multi-Utilities,2009,1966
EXC,Exelon,Utilities,Multi-Utilities,1957,2000
EXPE,Expedia Group,Consumer Discretionary,Internet & Direct Marketing Retail,2007,1996
EXPD,Expeditors International,Industrials,Air Freight & Logistics,2007,1979
EXR,Extra Space Storage,Real Estate,Specialized REITs,2016,1977
XOM,ExxonMobil,Energy,Integrated Oil & Gas,1957,1999
FFIV,"F5, Inc.",Information Technology,Communications Equipment,2010,1996
FDS,FactSet,Financials,Financial Exchanges & Data,2021,1978
FAST,Fastenal,Industrials,Building Products,2008,1967
FRT,Federal Realty,Real Estate,Retail REITs,2016,1962
FDX,FedEx,Industrials,Air Freight & Logistics,1980,1971
FITB,Fifth Third Bank,Financials,Regional Banks,1996,1858
FRC,First Republic Bank,Financials,Regional Banks,2019,1985
FSLR,First Solar,Information Technology,Semiconductors,2022,1999
FE,FirstEnergy,Utilities,Electric Utilities,1997,1997
FIS,FIS,Information Technology,Data Processing & Outsourced Services,2006,1968
FISV,Fiserv,Information Technology,Data Processing & Outsourced Services,2001,1984
FLT,Fleetcor,Information Technology,Data Processing & Outsourced Services,2018,2000
FMC,FMC Corporation,Materials,Fertilizers & Agricultural Chemicals,2009,1883
F,Ford Motor Company,Consumer Discretionary,Automobile Manufacturers,1957,1903
FTNT,Fortinet,Information Technology,Systems Software,2018,2000
FTV,Fortive,Industrials,Industrial Machinery,2016,2016
FOXA,Fox Corporation (Class A),Communication Services,Movies & Entertainment,2013,2019
FOX,Fox Corporation (Class B),Communication Services,Movies & Entertainment,2015,2019
BEN,Franklin Templeton,Financials,Asset Management & Custody Banks,1998,1947
FCX,Freeport-McMoRan,Materials,Copper,1957,1912
GRMN,Garmin,Consumer Discretionary,Consumer Electronics,2012,1989
IT,Gartner,Information Technology,IT Consulting & Other Services,2017,1979
GEHC,GE HealthCare,Health Care,Health Care Technology,2023,1994
GEN,Gen Digital,Information Technology,Application Software,2003,1982
GNRC,Generac,Industrials,Electrical Components & Equipment,2021,1959
GD,General Dynamics,Industrials,Aerospace & Defense,1957,1899
GE,General Electric,Industrials,Industrial Conglomerates,1957,1892
GIS,General Mills,Consumer Staples,Packaged Foods & Meats,1957,1856
GM,General Motors,Consumer Discretionary,Automobile Manufacturers,2013,1908
GPC,Genuine Parts Company,Consumer Discretionary,Specialty Stores,1973,1925
GILD,Gilead Sciences,Health Care,Biotechnology,2004,1987
GL,Globe Life,Financials,Life & Health Insurance,1989,1900
GPN,Global Payments,Information Technology,Data Processing & Outsourced Services,2016,2000
GS,Goldman Sachs,Financials,Investment Banking & Brokerage,2002,1869
HAL,Halliburton,Energy,Oil & Gas Equipment & Services,1957,1919
HIG,Hartford (The),Financials,Property & Casualty Insurance,1957,1810
HAS,Hasbro,Consumer Discretionary,Leisure Products,1984,1923
HCA,HCA Healthcare,Health Care,Health Care Facilities,2015,1968
PEAK,Healthpeak,Real Estate,Health Care REITs,2008,1985
HSIC,Henry Schein,Health Care,Health Care Distributors,2015,1932
HSY,Hershey's,Consumer Staples,Packaged Foods & Meats,1957,1894
HES,Hess Corporation,Energy,Integrated Oil & Gas,1984,1919
HPE,Hewlett Packard Enterprise,Information Technology,"Technology Hardware, Storage & Peripherals",2015,2015
HLT,Hilton Worldwide,Consumer Discretionary,"Hotels, Resorts & Cruise Lines",2017,1919
HOLX,Hologic,Health Care,Health Care Equipment,2016,1985
HD,Home Depot (The),Consumer Discretionary,Home Improvement Retail,1988,1978
HON,Honeywell,Industrials,Industrial Conglomerates,1957,1906
HRL,Hormel Foods,Consumer Staples,Packaged Foods & Meats,2009,1891
HST,Host Hotels & Resorts,Real Estate,Hotel & Resort REITs,2007,1993
HWM,Howmet Aerospace,Industrials,Aerospace & Defense,1957,2016
HPQ,HP Inc.,Information Technology,"Technology Hardware, Storage & Peripherals",1974,1939
HUM,Humana,Health Care,Managed Health Care,1957,1961
HBAN,Huntington Bancshares,Financials,Regional Banks,1997,1866
HII,Huntington Ingalls Industries,Industrials,Aerospace & Defense,2018,2011
IBM,IBM,Information Technology,IT Consulting & Other Services,1957,1911
IEX,IDEX Corporation,Industrials,Industrial Machinery,2019,1988
IDXX,Idexx Laboratories,Health Care,Health Care Equipment,2017,1983
ITW,Illinois Tool Works,Industrials,Industrial Machinery,1986,1912
ILMN,Illumina,Health Care,Life Sciences Tools & Services,2015,1998
INCY,Incyte,Health Care,Biotechnology,2017,1991
IR,Ingersoll Rand,Industrials,Industrial Machinery,2020,1859
INTC,Intel,Information Technology,Semiconductors,1976,1968
ICE,Intercontinental Exchange,Financials,Financial Exchanges & Data,2007,2000
IFF,International Flavors & Fragrances,Materials,Specialty Chemicals,1976,1889
IP,International Paper,Materials,Paper Packaging,1957,1898
IPG,Interpublic Group of Companies (The),Communication Services,Advertising,1992,1930
INTU,Intuit,Information Technology,Application Software,2000,1983
ISRG,Intuitive Surgical,Health Care,Health Care Equipment,2008,1995
IVZ,Invesco,Financials,Asset Management & Custody Banks,2008,1935
INVH,Invitation Homes,Real Estate,Residential REITs,2022,2012
IQV,IQVIA,Health Care,Life Sciences Tools & Services,2017,1982
IRM,Iron Mountain,Real Estate,Specialized REITs,2009,1951
JBHT,J.B. Hunt,Industrials,Trucking,2015,1961
JKHY,Jack Henry & Associates,Information Technology,Data Processing & Outsourced Services,2018,1976
J,Jacobs Solutions,Industrials,Construction & Engineering,2007,1947
JNJ,Johnson & Johnson,Health Care,Pharmaceuticals,1973,1886
JCI,Johnson Controls,Industrials,Building Products,2010,1885
JPM,JPMorgan Chase,Financials,Diversified Banks,1975,1799
JNPR,Juniper Networks,Information Technology,Communications Equipment,2006,1996
K,Kellogg's,Consumer Staples,Packaged Foods & Meats,1989,1906
KDP,Keurig Dr Pepper,Consumer Staples,Soft Drinks,2022,1981
KEY,KeyCorp,Financials,Regional Banks,1994,1825
KEYS,Keysight,Information Technology,Electronic Equipment & Instruments,2018,1939
KMB,Kimberly-Clark,Consumer Staples,Household Products,1957,1872
KIM,Kimco Realty,Real Estate,Retail REITs,2006,1958
KMI,Kinder Morgan,Energy,Oil & Gas Storage & Transportation,2012,1997
KLAC,KLA Corporation,Information Technology,Semiconductor Equipment,1997,1975
KHC,Kraft Heinz,Consumer Staples,Packaged Foods & Meats,2015,1869
KR,Kroger,Consumer Staples,Food Retail,1957,1883
LHX,L3Harris,Industrials,Aerospace & Defense,2008,1895
LH,LabCorp,Health Care,Health Care Services,2004,1978
LRCX,Lam Research,Information Technology,Semiconductor Equipment,2012,1980
LW,Lamb Weston,Consumer Staples,Packaged Foods & Meats,2018,1950
LVS,Las Vegas Sands,Consumer Discretionary,Casinos & Gaming,2019,1988
LDOS,Leidos,Industrials,Diversified Support Services,2019,1969
LEN,Lennar,Consumer Discretionary,Homebuilding,2005,1954
LNC,Lincoln Financial,Financials,Multi-line Insurance,1976,1905
LIN,Linde plc,Materials,Industrial Gases,1992,1879
LYV,Live Nation Entertainment,Communication Services,Movies & Entertainment,2019,2010
LKQ,LKQ Corporation,Consumer Discretionary,Distributors,2016,1998
LMT,Lockheed Martin,Industrials,Aerospace & Defense,1957,1995
L,Loews Corporation,Financials,Multi-line Insurance,1995,1959
LOW,Lowe's,Consumer Discretionary,Home Improvement Retail,1984,1904
LUMN,Lumen Technologies,Communication Services,Alternative Carriers,1999,1877
LYB,LyondellBasell,Materials,Specialty Chemicals,2012,2007
MTB,M&T Bank,Financials,Regional Banks,2004,1856
MRO,Marathon Oil,Energy,Oil & Gas Exploration & Production,1957,1887
MPC,Marathon Petroleum,Energy,Oil & Gas Refining & Marketing,2011,1887
MKTX,MarketAxess,Financials,Financial Exchanges & Data,2019,2000
MAR,Marriott International,Consumer Discretionary,"Hotels, Resorts & Cruise Lines",1998,1927
MMC,Marsh McLennan,Financials,Insurance Brokers,1987,1905
MLM,Martin Marietta Materials,Materials,Construction Materials,2014,1993
MAS,Masco,Industrials,Building Products,1981,1929
MA,Mastercard,Information Technology,Data Processing & Outsourced Services,2008,1966
MTCH,Match Group,Communication Services,Interactive Media & Services,2021,1986
MKC,McCormick & Company,Consumer Staples,Packaged Foods & Meats,2003,1889
MCD,McDonald's,Consumer Discretionary,Restaurants,1970,1940
MCK,McKesson,Health Care,Health Care Distributors,1999,1833
MDT,Medtronic,Health Care,Health Care Equipment,1986,1949
MRK,Merck & Co.,Health Care,Pharmaceuticals,1957,1891
META,Meta Platforms,Communication Services,Interactive Media & Services,2013,2004
MET,MetLife,Financials,Life & Health Insurance,2000,1868
MTD,Mettler Toledo,Health Care,Life Sciences Tools & Services,2016,1945
MGM,MGM Resorts,Consumer Discretionary,Casinos & Gaming,2017,1986
MCHP,Microchip Technology,Information Technology,Semiconductors,2007,1989
MU,Micron Technology,Information Technology,Semiconductors,1994,1978
MSFT,Microsoft,Information Technology,Systems Software,1994,1975
MAA,Mid-America Apartment Communities,Real Estate,Residential REITs,2016,1977
MRNA,Moderna,Health Care,Biotechnology,2021,2010
MHK,Mohawk Industries,Consumer Discretionary,Home Furnishings,2013,1878
MOH,Molina Healthcare,Health Care,Managed Health Care,2022,1980
TAP,Molson Coors Beverage Company,Consumer Staples,Brewers,1976,1786
MDLZ,Mondelez International,Consumer Staples,Packaged Foods & Meats,2012,2012
MPWR,Monolithic Power Systems,Information Technology,Semiconductors,2021,1997
MNST,Monster Beverage,Consumer Staples,Soft Drinks,2012,1935
MCO,Moody's Corporation,Financials,Financial Exchanges & Data,1998,1909
MS,Morgan Stanley,Financials,Investment Banking & Brokerage,1993,1935
MOS,Mosaic Company (The),Materials,Fertilizers & Agricultural Chemicals,2011,1865
MSI,Motorola Solutions,Information Technology,Communications Equipment,1957,1928
MSCI,MSCI,Financials,Financial Exchanges & Data,2018,1969
NDAQ,"Nasdaq, Inc.",Financials,Financial Exchanges & Data,2008,1971
NTAP,NetApp,Information Technology,"Technology Hardware, Storage & Peripherals",1999,1992
NFLX,Netflix,Communication Services,Movies & Entertainment,2010,1997
NWL,Newell Brands,Consumer Discretionary,Housewares & Specialties,1989,1903
NEM,Newmont,Materials,Gold,1969,1921
NWSA,News Corp (Class A),Communication Services,Publishing,2013,1980
NWS,News Corp (Class B),Communication Services,Publishing,2015,1980
NEE,NextEra Energy,Utilities,Multi-Utilities,1976,1984
NKE,"Nike, Inc.",Consumer Discretionary,"Apparel, Accessories & Luxury Goods",1988,1964
NI,NiSource,Utilities,Multi-Utilities,2000,1912
NDSN,Nordson Corporation,Industrials,Industrial Machinery,2022,1935
NSC,Norfolk Southern Railway,Industrials,Railroads,1957,1881
NTRS,Northern Trust,Financials,Asset Management & Custody Banks,1998,1889
NOC,Northrop Grumman,Industrials,Aerospace & Defense,1957,1930
NCLH,Norwegian Cruise Line Holdings,Consumer Discretionary,"Hotels, Resorts & Cruise Lines",2017,1966
NRG,NRG Energy,Utilities,Independent Power Producers & Energy Traders,2010,1992
NUE,Nucor,Materials,Steel,1985,1940
NVDA,Nvidia,Information Technology,Semiconductors,2001,1993
NVR,"NVR, Inc.",Consumer Discretionary,Homebuilding,2019,1980
NXPI,NXP Semiconductors,Information Technology,Semiconductors,2021,1953
ORLY,O'Reilly Auto Parts,Consumer Discretionary,Specialty Stores,2009,1957
OXY,Occidental Petroleum,Energy,Oil & Gas Exploration & Production,1957,1920
ODFL,Old Dominion,Industrials,Trucking,2019,1934
OMC,Omnicom Group,Communication Services,Advertising,1997,1986
ON,ON Semiconductor,Information Technology,Semiconductors,2022,1999
OKE,ONEOK,Energy,Oil & Gas Storage & Transportation,2010,1906
ORCL,Oracle Corporation,Information Technology,Application Software,1989,1977
OGN,Organon & Co.,Health Care,Pharmaceuticals,2021,2021
OTIS,Otis Worldwide,Industrials,Industrial Machinery,2020,1853
PCAR,Paccar,Industrials,Construction Machinery & Heavy Trucks,1980,1905
PKG,Packaging Corporation of America,Materials,Paper Packaging,2017,1959
PARA,Paramount Global,Communication Services,Movies & Entertainment,1994,1952
PH,Parker Hannifin,Industrials,Industrial Machinery,1985,1917
PAYX,Paychex,Information Technology,Data Processing & Outsourced Services,1998,1971
PAYC,Paycom,Information Technology,Application Software,2020,1998
PYPL,PayPal,Information Technology,Data Processing & Outsourced Services,2015,1998
PNR,Pentair,Industrials,Industrial Machinery,2012,1966
PEP,PepsiCo,Consumer Staples,Soft Drinks,1957,1898
PKI,PerkinElmer,Health Care,Health Care Equipment,1985,1937
PFE,Pfizer,Health Care,Pharmaceuticals,1957,1849
PCG,PG&E Corporation,Utilities,Multi-Utilities,2022,1905
PM,Philip Morris International,Consumer Staples,Tobacco,2008,1847
PSX,Phillips 66,Energy,Oil & Gas Refining & Marketing,2012,1917
PNW,Pinnacle West,Utilities,Multi-Utilities,1999,1985
PXD,Pioneer Natural Resources,Energy,Oil & Gas Exploration & Production,2008,1997
PNC,PNC Financial Services,Financials,Regional Banks,1988,1845
POOL,Pool Corporation,Consumer Discretionary,Distributors,2020,1993
PPG,PPG Industries,Materials,Specialty Chemicals,1957,1883
PPL,PPL Corporation,Utilities,Electric Utilities,2001,1920
PFG,Principal Financial Group,Financials,Life & Health Insurance,2002,1879
PG,Procter & Gamble,Consumer Staples,Personal Products,1957,1837
PGR,Progressive Corporation,Financials,Property & Casualty Insurance,1997,1937
PLD,Prologis,Real Estate,Industrial REITs,2003,1983
PRU,Prudential Financial,Financials,Life & Health Insurance,2002,1875
PEG,Public Service Enterprise Group,Utilities,Electric Utilities,1957,1903
PTC,PTC,Information Technology,Application Software,2021,1985
PSA,Public Storage,Real Estate,Specialized REITs,2005,1972
PHM,PulteGroup,Consumer Discretionary,Homebuilding,1984,1956
QRVO,Qorvo,Information Technology,Semiconductors,2015,2015
PWR,Quanta Services,Industrials,Construction & Engineering,2009,1997
QCOM,Qualcomm,Information Technology,Semiconductors,1999,1985
DGX,Quest Diagnostics,Health Care,Health Care Services,2002,1967
RL,Ralph Lauren Corporation,Consumer Discretionary,"Apparel, Accessories & Luxury Goods",2007,1967
RJF,Raymond James,Financials,Investment Banking & Brokerage,2017,1962
RTX,Raytheon Technologies,Industrials,Aerospace & Defense,1957,1922
O,Realty Income,Real Estate,Retail REITs,2015,1969
REG,Regency Centers,Real Estate,Retail REITs,2017,1963
REGN,Regeneron,Health Care,Biotechnology,2013,1988
RF,Regions Financial Corporation,Financials,Regional Banks,1998,1971
RSG,Republic Services,Industrials,Environmental & Facilities Services,2008,1981
RMD,ResMed,Health Care,Health Care Equipment,2017,1989
RHI,Robert Half,Industrials,Human Resource & Employment Services,2000,1948
ROK,Rockwell Automation,Industrials,Electrical Components & Equipment,1985,1903
ROL,"Rollins, Inc.",Industrials,Environmental & Facilities Services,2018,1948
ROP,Roper Technologies,Information Technology,Electronic Equipment & Instruments,2009,1981
ROST,Ross Stores,Consumer Discretionary,Apparel Retail,2009,1982
RCL,Royal Caribbean Group,Consumer Discretionary,"Hotels, Resorts & Cruise Lines",2014,1997
SPGI,S&P Global,Financials,Financial Exchanges & Data,1957,1917
CRM,Salesforce,Information Technology,Application Software,2008,1999
SBAC,SBA Communications,Real Estate,Specialized REITs,2017,1989
SLB,Schlumberger,Energy,Oil & Gas Equipment & Services,1957,1926
STX,Seagate Technology,Information Technology,"Technology Hardware, Storage & Peripherals",2012,1979
SEE,Sealed Air,Materials,Paper Packaging,1957,1960
SRE,Sempra Energy,Utilities,Multi-Utilities,2001,1998
NOW,ServiceNow,Information Technology,Systems Software,2019,2003
SHW,Sherwin-Williams,Materials,Specialty Chemicals,1964,1866
SBNY,Signature Bank,Financials,Regional Banks,2021,2001
SPG,Simon Property Group,Real Estate,Retail REITs,2002,2003
SWKS,Skyworks Solutions,Information Technology,Semiconductors,2015,2002
SJM,J.M. Smucker Company (The),Consumer Staples,Packaged Foods & Meats,2008,1897
SNA,Snap-on,Industrials,Industrial Machinery,1982,1920
SEDG,SolarEdge,Information Technology,Semiconductor Equipment,2021,2006
SO,Southern Company,Utilities,Electric Utilities,1957,1945
LUV,Southwest Airlines,Industrials,Airlines,1994,1967
SWK,Stanley Black & Decker,Industrials,Industrial Machinery,1982,1843
SBUX,Starbucks,Consumer Discretionary,Restaurants,2000,1971
STT,State Street Corporation,Financials,Asset Management & Custody Banks,2003,1792
STLD,Steel Dynamics,Materials,Steel,2022,1993
STE,Steris,Health Care,Health Care Equipment,2019,1985
SYK,Stryker Corporation,Health Care,Health Care Equipment,2000,1941
SIVB,SVB Financial,Financials,Regional Banks,2018,1983
SYF,Synchrony Financial,Financials,Consumer Finance,2015,2003
SNPS,Synopsys,Information Technology,Application Software,2017,1986
SYY,Sysco,Consumer Staples,Food Distributors,1986,1969
TMUS,T-Mobile US,Communication Services,Wireless Telecommunication Services,2019,1994
TROW,T. Rowe Price,Financials,Asset Management & Custody Banks,1957,1937
TTWO,Take-Two Interactive,Communication Services,Interactive Home Entertainment,2018,1993
TPR,"Tapestry, Inc.",Consumer Discretionary,"Apparel, Accessories & Luxury Goods",2004,2017
TRGP,Targa Resources,Energy,Oil & Gas Storage & Transportation,2022,2005
TGT,Target Corporation,Consumer Discretionary,General Merchandise Stores,1976,1902
TEL,TE Connectivity,Information Technology,Electronic Manufacturing Services,2011,2007
TDY,Teledyne Technologies,Information Technology,Electronic Equipment & Instruments,2020,1960
TFX,Teleflex,Health Care,Health Care Equipment,2019,1943
TER,Teradyne,Information Technology,Semiconductor Equipment,2020,1960
TSLA,"Tesla, Inc.",Consumer Discretionary,Automobile Manufacturers,2020,2003
TXN,Texas Instruments,Information Technology,Semiconductors,1985,1930
TXT,Textron,Industrials,Aerospace & Defense,1978,1923
TMO,Thermo Fisher Scientific,Health Care,Life Sciences Tools & Services,2004,1902
TJX,TJX Companies,Consumer Discretionary,Apparel Retail,1985,1987
TSCO,Tractor Supply,Consumer Discretionary,Specialty Stores,2014,1938
TT,Trane Technologies,Industrials,Building Products,2010,1871
TDG,TransDigm Group,Industrials,Aerospace & Defense,2016,1993
TRV,Travelers Companies (The),Financials,Property & Casualty Insurance,2002,1853
TRMB,Trimble Inc.,Information Technology,Electronic Equipment & Instruments,2021,1978
TFC,Truist,Financials,Regional Banks,1997,1872
TYL,Tyler Technologies,Information Technology,Application Software,2020,1966
TSN,Tyson Foods,Consumer Staples,Packaged Foods & Meats,2005,1935
USB,U.S. Bank,Financials,Diversified Banks,1985,1968
UDR,"UDR, Inc.",Real Estate,Residential REITs,2016,1972
ULTA,Ulta Beauty,Consumer Discretionary,Specialty Stores,2016,1990
UNP,Union Pacific Corporation,Industrials,Railroads,1957,1862
UAL,United Airlines Holdings,Industrials,Airlines,2015,1967
UPS,United Parcel Service,Industrials,Air Freight & Logistics,2002,1907
URI,United Rentals,Industrials,Trading Companies & Distributors,2014,1997
UNH,UnitedHealth Group,Health Care,Managed Health Care,1994,1977
UHS,Universal Health Services,Health Care,Health Care Facilities,2014,1979
VLO,Valero Energy,Energy,Oil & Gas Refining & Marketing,2002,1980
VTR,Ventas,Real Estate,Health Care REITs,2009,1998
VRSN,Verisign,Information Technology,Internet Services & Infrastructure,2006,1995
VRSK,Verisk,Industrials,Research & Consulting Services,2015,1971
VZ,Verizon,Communication Services,Integrated Telecommunication Services,1983,1877
VRTX,Vertex Pharmaceuticals,Health Care,Biotechnology,2013,1989
VFC,VF Corporation,Consumer Discretionary,"Apparel, Accessories & Luxury Goods",1979,1899
VTRS,Viatris,Health Care,Pharmaceuticals,2004,1961
VICI,Vici Properties,Real Estate,Hotel & Resort REITs,2022,2017
V,Visa Inc.,Information Technology,Data Processing & Outsourced Services,2009,1958
VMC,Vulcan Materials Company,Materials,Construction Materials,1999,1909
WAB,Wabtec,Industrials,Construction Machinery & Heavy Trucks,2019,1869
WBA,Walgreens Boots Alliance,Consumer Staples,Drug Retail,1979,2014
WMT,Walmart,Consumer Staples,Hypermarkets & Super Centers,1982,1962
WBD,Warner Bros. Discovery,Communication Services,Broadcasting,2022,2022
WM,Waste Management,Industrials,Environmental & Facilities Services,1985,1968
WAT,Waters Corporation,Health Care,Health Care Distributors,2002,1958
WEC,WEC Energy Group,Utilities,Electric Utilities,2008,1896
WFC,Wells Fargo,Financials,Diversified Banks,1976,1852
WELL,Welltower,Real Estate,Health Care REITs,2009,1970
WST,West Pharmaceutical Services,Health Care,Health Care Supplies,2020,1923
WDC,Western Digital,Information Technology,"Technology Hardware, Storage & Peripherals",2009,1970
WRK,WestRock,Materials,Paper Packaging,1957,2015
WY,Weyerhaeuser,Real Estate,Specialized REITs,1985,1900
WHR,Whirlpool Corporation,Consumer Discretionary,Household Appliances,1985,1911
WMB,Williams Companies,Energy,Oil & Gas Storage & Transportation,1975,1908
WTW,Willis Towers Watson,Financials,Insurance Brokers,2016,2016
GWW,W. W. Grainger,Industrials,Industrial Machinery,1981,1927
WYNN,Wynn Resorts,Consumer Discretionary,Casinos & Gaming,2008,2002
XEL,Xcel Energy,Utilities,Multi-Utilities,1957,1909
XYL,Xylem Inc.,Industrials,Industrial Machinery,2011,2011
YUM,Yum! Brands,Consumer Discretionary,Restaurants,1997,1997
ZBRA,Zebra Technologies,Information Technology,Electronic Equipment & Instruments,2019,1969
ZBH,Zimmer Biomet,Health Care,Health Care Equipment,2001,1927
ZION,Zions Bancorporation,Financials,Regional Banks,2001,1873
ZTS,Zoetis,Health Care,Pharmaceuticals,2013,1952
